Kraj,Rok,Administrativní a podpůrné činnosti,Doprava a skladování,Informační a komunikační činnosti,"Kulturní, zábavní a rekreační činnosti",Ostatní činnosti,Peněžnictví a pojišťovnictví,"Profesní, vědecké a technické činnosti",Stavebnictví,Těžba a dobývání,"Ubytování, stravování a pohostinství",Velkoobchod a maloobchod; opravy a údržba motorových vozidel,Veřejná správa a obrana; povinné sociální zabezpečení,Vzdělávání,"Výroba a rozvod elektřiny, plynu, tepla a klimatizovaného vzduchu",Zdravotní a sociální péče,"Zemědělství, lesnictví, rybářství",Zpracovatelský průmysl,"Zásobování vodou; činnosti související s odpadními vodami, odpady a sanacemi",Činnosti v oblasti nemovitostí
Jihomoravský kraj,2010,6202,11895,10355,8999,28692,6781,64787,56045,100,20224,97743,2523,7486,1824,6523,18156,58211,2505,19235
Jihomoravský kraj,2011,6373,12054,9883,9242,30577,10618,64368,57189,106,20994,97363,2705,7574,2162,6673,20796,59790,2509,20206
Jihomoravský kraj,2012,6631,11813,9326,9519,32409,12969,63327,58073,111,21468,97656,2734,7657,2465,6944,21745,59076,2427,21332
Jihomoravský kraj,2013,6337,11197,9144,9667,33116,22343,61009,56722,121,21026,90964,2735,7581,3486,7131,20990,56170,2205,22055
Jihomoravský kraj,2014,6584,10948,9468,9602,34325,18985,61309,57048,119,21411,93872,2700,7608,4135,7069,21457,55958,2064,22449
Jihomoravský kraj,2015,6846,10808,10241,9922,35142,15290,61954,57560,134,21492,98839,2610,7729,4277,7184,22798,56340,2070,22516
Jihomoravský kraj,2016,7046,10777,10849,10097,35948,13985,62521,58029,138,21804,101011,2607,7785,4289,7089,24395,57258,2025,22938
Jihomoravský kraj,2017,7978,11151,12415,10670,37492,7559,66559,59298,166,23021,101938,2676,8344,4254,7129,26178,58945,2062,24343
Jihomoravský kraj,2018,8469,11436,13801,11127,38725,7612,69547,60140,171,23271,99147,2656,8565,4288,7204,27527,60285,2012,25182
Jihomoravský kraj,2019,9056,11883,13787,11556,40119,3220,69615,60818,162,23657,93691,2652,9053,4315,7283,27715,61494,2003,26057
Jihomoravský kraj,2020,9566,12504,13714,11939,41206,3237,70308,61600,153,24049,89207,2637,9472,4314,7408,27764,62343,2000,27727
Jihomoravský kraj,2021,10935,14108,14314,12468,42311,3253,72874,62835,167,24360,88124,2642,10212,4330,7514,28245,64093,2010,29994
Jihomoravský kraj,2022,12100,15542,14842,12823,43232,3434,74396,64222,179,24659,85079,2650,10749,4541,7765,28538,65692,2020,31626
Jihomoravský kraj,2023,12537,16251,15312,12993,42847,10198,71902,61337,186,23280,74452,2632,10806,4626,7626,27729,62983,1951,31594
Jihomoravský kraj,2024,13830,17686,15800,13748,44300,10837,74031,62293,,23838,69923,2652,11677,,7855,27854,,,34028
Jihočeský kraj,2010,3520,6403,3963,5597,16436,5901,27742,33162,68,16598,48656,3082,3976,871,3421,16792,29297,947,9388
Jihočeský kraj,2011,3652,6448,3693,5841,17407,7695,28744,33306,69,16955,47574,3150,4153,990,3457,17499,29298,912,9583
Jihočeský kraj,2012,3812,6347,3453,6030,18364,9111,28982,33410,68,17132,46288,3228,4322,1186,3494,17831,28729,807,9959
Jihočeský kraj,2013,3636,5905,3224,6011,18335,14790,27585,32343,65,16422,41226,3194,4386,2445,3592,17230,26510,749,9962
Jihočeský kraj,2014,3738,5730,3048,6120,18906,12368,28005,32296,65,16484,41548,3146,4564,2995,3585,17164,26200,756,10202
Jihočeský kraj,2015,3825,5704,3002,6215,19211,11047,28355,32273,64,16657,42592,2807,4682,3018,3595,18472,25970,717,10077
Jihočeský kraj,2016,3876,5684,2977,6220,19395,10278,28841,32256,63,16719,42756,2787,4750,3053,3538,18877,26154,712,9879
Jihočeský kraj,2017,4159,5888,3090,6501,20048,4690,31863,32689,69,17541,44066,2845,4968,3076,3544,19327,26875,711,10270
Jihočeský kraj,2018,4312,5996,3351,6719,20485,4619,32379,33088,66,17706,43727,2872,5162,3090,3539,19840,27269,700,10447
Jihočeský kraj,2019,4617,6078,3452,7034,21085,1686,32204,33678,62,18183,41832,2861,5406,3068,3549,20212,27949,685,10745
Jihočeský kraj,2020,4779,6182,3520,7177,21374,1632,31993,34102,62,18573,40304,2805,5516,3065,3566,20560,28438,679,11136
Jihočeský kraj,2021,4914,6345,3691,7289,21554,1663,32048,34616,54,18660,39813,2790,5629,3076,3582,20830,29154,669,11438
Jihočeský kraj,2022,5148,6455,3887,7537,21984,1705,32130,35082,52,18750,38847,2836,5812,3098,3676,20938,29852,657,11839
Jihočeský kraj,2023,4898,6187,4024,7575,21573,5168,30038,32454,52,16742,32721,2829,5742,3155,3526,19899,27996,603,11765
Jihočeský kraj,2024,5104,6401,4216,7907,22101,5409,30529,32806,,16809,31715,2816,6081,,3594,19997,,,12371
Karlovarský kraj,2010,2204,3454,1518,2555,8340,1247,11791,14224,45,9195,31773,430,1506,227,1850,4523,12482,593,8435
Karlovarský kraj,2011,2362,3497,1445,2640,8759,1731,11643,14258,50,9380,30929,446,1526,259,1877,4719,12435,595,8274
Karlovarský kraj,2012,2553,3467,1305,2776,9138,2211,11429,14156,55,9458,30035,455,1575,292,1849,4768,12127,559,8423
Karlovarský kraj,2013,2340,3140,1168,2765,9026,5529,10402,12926,51,8822,23770,461,1518,413,1871,4459,10835,505,8519
Karlovarský kraj,2014,2467,3109,1188,2639,9202,4792,10327,12745,64,9089,22626,445,1589,417,1884,4525,10522,490,8138
Karlovarský kraj,2015,2616,3086,1290,2726,9469,4479,10185,12518,56,9287,22624,429,1639,408,1887,4700,10271,448,7633
Karlovarský kraj,2016,2668,3032,1343,2805,9627,4171,10193,12296,61,9354,22636,411,1711,407,1818,4743,10208,425,7407
Karlovarský kraj,2017,2844,3102,1573,2973,10096,1716,10963,12466,64,9770,22901,419,1846,411,1788,4814,10334,435,7684
Karlovarský kraj,2018,2904,3136,1745,3048,10327,1673,11087,12396,65,9676,22261,418,1890,419,1801,4871,10371,421,7631
Karlovarský kraj,2019,3047,3229,1862,3190,10558,556,10931,12510,65,9692,21070,424,1939,412,1809,4927,10613,415,7648
Karlovarský kraj,2020,3148,3281,2058,3213,10829,511,10696,12705,62,9651,19985,422,1992,416,1815,5030,10700,415,7761
Karlovarský kraj,2021,3232,3330,2105,3302,10932,524,10545,12894,66,9482,19302,420,2049,417,1809,5092,10930,395,7842
Karlovarský kraj,2022,3260,3408,2143,3374,11101,555,10440,13028,65,9411,18558,425,2087,435,1844,5159,11297,380,7868
Karlovarský kraj,2023,3044,3268,2214,3399,10764,1962,9775,12122,60,8502,15989,432,1991,441,1760,4849,10616,342,7811
Karlovarský kraj,2024,3169,3377,2297,3554,11049,2192,9813,12124,,8476,15203,436,2057,,1779,4810,,,8294
Kraj Vysočina,2010,1767,4733,2546,3440,11712,3133,17446,22481,32,7617,33187,3056,2810,481,2545,13436,24183,715,4901
Kraj Vysočina,2011,1964,4691,2397,3600,12402,4202,17429,22831,32,7838,32817,3166,2844,556,2588,13810,24310,702,5092
Kraj Vysočina,2012,2054,4585,2217,3750,13209,5177,17429,23165,33,7967,32183,3225,2903,690,2606,14110,23881,636,5470
Kraj Vysočina,2013,2008,4306,2100,3763,13194,9659,16633,22737,37,7695,28681,3230,2874,1598,2615,13766,22689,556,5483
Kraj Vysočina,2014,2043,4240,2025,3791,13492,8318,17147,22996,34,7801,28680,3111,2944,2026,2622,13773,22624,514,5428
Kraj Vysočina,2015,2068,4181,1998,3963,13904,7678,17406,23293,38,7833,29280,2970,3047,2084,2614,15059,22706,509,5557
Kraj Vysočina,2016,2136,4145,2054,4034,14166,7239,17710,23535,39,7914,29627,2998,3078,2075,2525,15440,22751,494,5609
Kraj Vysočina,2017,2234,4216,2228,4266,14809,3046,19792,24222,42,8229,30695,3052,3254,2109,2526,15867,23356,494,5827
Kraj Vysočina,2018,2307,4316,2454,4456,15164,2974,20405,24734,47,8232,30383,3052,3379,2109,2521,16355,24032,485,6012
Kraj Vysočina,2019,2616,4434,2608,4693,15632,1054,20056,25322,48,8283,29224,3071,3551,2112,2539,16839,24633,477,6350
Kraj Vysočina,2020,2835,4555,2709,4823,16008,1027,19850,25759,58,8284,28231,3040,3691,2107,2570,17304,25274,464,6719
Kraj Vysočina,2021,2974,4745,2926,4867,16138,1038,19864,26405,59,8254,27920,3021,3746,2110,2576,17596,25882,456,7120
Kraj Vysočina,2022,3170,4893,3102,4928,16359,1068,19766,26900,60,8276,26825,3047,3846,2171,2647,17699,26328,460,7286
Kraj Vysočina,2023,3011,4647,3225,4926,16002,3456,18291,25161,58,7424,22798,3064,3878,2190,2613,17082,24655,422,6809
Kraj Vysočina,2024,3192,4737,3379,5090,16327,3608,18386,25611,,7449,21746,3041,4195,,2625,17107,,,7224
Královéhradecký kraj,2010,2463,5665,3758,4629,15254,2414,21677,28528,53,13413,48045,1812,3388,501,3284,10643,28091,964,7183
Královéhradecký kraj,2011,2568,5625,3566,4753,15953,3446,21732,28659,55,13762,48192,1875,3410,609,3274,11469,28497,945,7287
Královéhradecký kraj,2012,2584,5546,3250,5082,16942,4216,21612,28674,55,13774,48228,2099,3408,832,3288,11985,27975,897,7767
Královéhradecký kraj,2013,2358,5211,3022,5003,16779,9999,20687,27182,46,13068,43057,2124,3319,2098,3249,11549,26258,834,7638
Královéhradecký kraj,2014,2412,5014,2905,4731,16842,8501,20811,27235,50,13081,43305,1859,3342,2531,3197,11723,26285,814,7200
Královéhradecký kraj,2015,2483,4937,2980,4811,17104,7900,20874,27332,48,12925,44204,1841,3366,2621,3182,12909,26509,787,7189
Královéhradecký kraj,2016,2607,4965,3066,4885,17320,7468,21157,27180,79,12872,44590,1860,3355,2613,3121,13364,26736,757,6976
Královéhradecký kraj,2017,2921,5099,3407,5150,17840,3080,22721,27586,86,13259,46344,1875,3463,2628,3115,13855,27306,783,7301
Královéhradecký kraj,2018,3080,5162,3990,5362,18158,3025,23056,27865,92,13228,45750,1862,3504,2635,3113,14213,27719,758,7444
Královéhradecký kraj,2019,3570,5417,4202,5627,18639,985,23484,28241,95,13299,43309,1914,3801,2645,3184,14599,28226,733,7763
Královéhradecký kraj,2020,3894,5639,4275,5836,19270,958,23769,28420,92,13357,41594,1916,4035,2649,3202,15011,28614,723,8258
Královéhradecký kraj,2021,4148,5917,4434,5919,19416,997,24046,28679,95,13151,40664,1899,4167,2653,3237,15523,29038,715,8585
Královéhradecký kraj,2022,4446,6161,4702,5926,19439,998,24094,28898,99,13003,39188,1902,4327,2733,3280,15845,29129,721,8782
Královéhradecký kraj,2023,4293,5968,4814,5856,18751,3870,22783,26871,98,11458,32938,1977,4300,2762,3159,15420,27086,671,8654
Královéhradecký kraj,2024,4609,6179,5001,6077,18993,4001,23367,27256,,11492,30941,2001,4601,,3199,15554,,,9105
Liberecký kraj,2010,2915,4712,2924,4067,11004,1962,19742,25965,48,11472,39974,940,3117,258,2397,6541,26573,791,5774
Liberecký kraj,2011,2966,4699,2776,4133,11539,2433,19581,25904,47,11713,40034,1000,3166,288,2424,7112,26887,804,5989
Liberecký kraj,2012,3012,4509,2551,4231,12116,2906,19013,26066,56,11853,40330,1042,3149,369,2424,7476,26803,757,6241
Liberecký kraj,2013,2456,4143,2430,4114,11891,7929,17534,23594,58,11135,34876,1032,3082,859,2425,7198,24819,731,6013
Liberecký kraj,2014,2672,4105,2483,4060,12093,6285,18177,23326,62,11400,34777,1001,3220,1056,2439,7282,24504,736,6051
Liberecký kraj,2015,2829,4150,2682,4165,12262,5443,18398,23360,65,11379,34834,994,3415,1072,2434,8105,24298,706,5978
Liberecký kraj,2016,3021,4191,2882,4226,12310,4879,18784,23549,114,11341,34414,984,3635,1073,2337,8401,24360,677,6100
Liberecký kraj,2017,3314,4299,3235,4439,12866,2483,19991,24050,123,11784,34443,1007,3891,1105,2360,8646,24902,691,6397
Liberecký kraj,2018,3615,4412,3577,4622,13159,2254,20680,24454,113,11752,33577,1009,4035,1097,2344,8747,25048,722,6547
Liberecký kraj,2019,3955,4603,3725,4844,13545,731,20396,24749,111,11763,31904,1008,4214,1089,2389,8786,25144,732,6746
Liberecký kraj,2020,4024,4743,3911,5033,13907,708,20175,25001,107,11686,31091,1000,4228,1092,2376,9027,25460,745,7118
Liberecký kraj,2021,4182,4956,4196,5119,14146,703,20012,25213,113,11507,30467,1005,4238,1094,2381,9264,25715,745,7390
Liberecký kraj,2022,4268,5113,4353,5272,14205,727,19245,25381,119,11342,28586,1000,4261,1125,2383,9412,25562,741,7570
Liberecký kraj,2023,4015,5012,4495,5293,13922,2905,18004,23477,121,10234,24848,1005,4080,1154,2285,9132,23767,702,7447
Liberecký kraj,2024,4190,5152,4784,5583,14308,3005,18066,23648,,10241,23837,1008,4215,,2309,9314,,,7872
Moravskoslezský kraj,2010,6054,10802,7284,8440,26508,5476,48495,44287,138,18413,95757,1437,6834,523,6453,13042,45822,1783,15755
Moravskoslezský kraj,2011,6251,10810,6811,8649,27986,6885,49316,44793,147,19225,93811,1418,6979,613,6531,13957,47053,1798,16266
Moravskoslezský kraj,2012,6378,10157,6107,8923,28900,8327,48879,44474,146,19218,89326,1458,7067,830,6447,14347,45692,1672,16895
Moravskoslezský kraj,2013,6226,9574,5685,8890,28966,20836,46602,43319,147,18612,80893,1462,6976,1958,6526,14085,44099,1629,17452
Moravskoslezský kraj,2014,6319,9400,5319,8681,29407,17982,47270,43074,126,18546,80174,1387,6942,2337,6544,14411,44408,1603,16843
Moravskoslezský kraj,2015,6418,9312,4987,8899,29972,16707,47327,42680,118,18335,78401,1367,6929,2385,6588,16279,44407,1598,17266
Moravskoslezský kraj,2016,6510,9300,4844,8938,30153,15772,47928,42820,117,18346,77194,1383,6942,2386,6474,16934,44892,1619,17062
Moravskoslezský kraj,2017,7073,9503,5071,9523,31428,7574,51069,43808,134,19018,79679,1436,7088,2402,6440,17656,46425,1662,18343
Moravskoslezský kraj,2018,7400,9736,5698,9905,32162,7582,52432,44777,166,19082,79285,1433,7209,2411,6477,18206,47654,1621,18991
Moravskoslezský kraj,2019,8364,10093,5976,10409,32962,2752,52894,45875,159,19451,74395,1433,7699,2431,6529,18636,48815,1616,19884
Moravskoslezský kraj,2020,9138,10570,6087,10737,33832,2645,53634,46961,160,19655,70505,1435,8023,2419,6537,19057,49891,1598,20900
Moravskoslezský kraj,2021,10013,11462,6440,10992,34249,2623,54810,48013,185,19510,69894,1438,8303,2414,6598,19463,51109,1607,21620
Moravskoslezský kraj,2022,10800,12088,6604,11343,35086,2745,55043,49080,185,19352,65416,1441,8657,2509,6726,19751,51984,1672,21957
Moravskoslezský kraj,2023,10696,12470,6932,11561,34766,8977,52783,46632,180,17657,56081,1433,8517,2543,6507,19029,49536,1640,21509
Moravskoslezský kraj,2024,11643,14118,7281,12333,35957,9396,54287,47004,,17783,53057,1458,9097,,6717,19290,,,22403
Olomoucký kraj,2010,2592,6942,4094,4971,14793,2596,24093,27824,62,11604,47657,1658,3716,510,3649,10308,28249,944,7035
Olomoucký kraj,2011,2857,6875,3865,5176,15648,3376,25044,28250,60,12004,46672,1768,3801,601,3751,10839,28862,922,7244
Olomoucký kraj,2012,2938,6386,3444,5420,16447,4086,24748,27459,52,11830,44557,1862,3849,676,3840,11020,27497,862,7956
Olomoucký kraj,2013,2813,5947,3194,5354,16693,11048,23268,26643,48,11520,40520,1896,3809,1322,3881,10916,26252,809,7957
Olomoucký kraj,2014,2843,5846,2981,5107,16810,9365,23404,26655,43,11678,40774,1752,3832,1563,3898,11106,26249,805,7702
Olomoucký kraj,2015,2942,5794,2807,5211,17124,8555,23543,26585,49,11621,40554,1688,3846,1583,3882,11787,26171,758,7832
Olomoucký kraj,2016,3002,5703,2689,5306,17212,8090,23774,26485,52,11747,40325,1710,3884,1586,3866,12201,26396,770,7798
Olomoucký kraj,2017,3263,5788,2803,5602,17968,3816,25376,26824,67,12251,41682,1710,4018,1593,3872,12630,27068,778,8303
Olomoucký kraj,2018,3479,5904,3137,5741,18282,3741,26179,27315,70,12289,41830,1741,4111,1588,3908,12976,27642,782,8565
Olomoucký kraj,2019,3932,6087,3237,5945,18922,1210,26524,27692,63,12562,39635,1755,4286,1603,3968,13361,28181,799,8955
Olomoucký kraj,2020,4337,6322,3272,6092,19342,1211,26828,28026,59,12749,37882,1727,4474,1611,3980,13640,28542,784,9469
Olomoucký kraj,2021,4626,6681,3433,6205,19484,1242,27321,28446,68,12617,37712,1733,4606,1602,3968,13852,28877,799,9864
Olomoucký kraj,2022,4989,6979,3569,6279,19807,1291,27587,28727,72,12589,36095,1733,4719,1663,4022,14009,29175,797,10203
Olomoucký kraj,2023,4949,6683,3690,6400,19659,4385,26259,26650,77,11368,30218,1736,4648,1684,3880,13463,27002,746,10157
Olomoucký kraj,2024,5421,6961,3829,6684,20274,4586,26881,26629,,11369,28593,1741,4905,,3992,13542,,,11117
Pardubický kraj,2010,2268,4885,3177,3952,12642,2275,17781,24052,48,8483,40385,1840,3224,413,2633,8780,25511,1014,5348
Pardubický kraj,2011,2377,4820,3022,4024,13187,3163,17890,24279,44,8710,40248,1884,3202,487,2656,9406,25945,989,5456
Pardubický kraj,2012,2432,4748,2773,4207,13969,3925,17883,24454,46,8735,39840,1987,3211,688,2654,9973,25617,893,5569
Pardubický kraj,2013,2257,4373,2575,4333,14049,10029,16939,23108,37,8363,35223,2016,3158,1792,2698,9699,24276,795,5477
Pardubický kraj,2014,2307,4250,2475,4178,14318,8805,17258,23125,36,8426,35521,1917,3187,2195,2681,9805,24334,733,5506
Pardubický kraj,2015,2321,4220,2505,4295,14459,8244,17386,23440,37,8302,36585,1860,3207,2253,2709,10686,24287,722,5522
Pardubický kraj,2016,2429,4191,2671,4317,14649,7751,17552,23723,52,8210,37145,1862,3208,2278,2652,11120,24625,690,5571
Pardubický kraj,2017,2916,4307,2953,4572,15423,3520,19384,24273,50,8455,38411,1906,3385,2270,2651,11618,25467,705,5837
Pardubický kraj,2018,3219,4451,3380,4746,15791,3544,20397,24647,54,8335,37938,1907,3536,2290,2652,11882,26097,671,6032
Pardubický kraj,2019,3557,4580,3617,4995,16349,1175,20793,25006,56,8509,36233,1936,3751,2295,2668,12162,26638,656,6294
Pardubický kraj,2020,3802,4713,3816,5146,16841,1136,21126,25320,50,8605,34917,1886,3986,2295,2715,12448,27115,647,6776
Pardubický kraj,2021,4069,5047,4059,5220,17215,1102,21468,25672,49,8547,34299,1900,4149,2274,2726,12766,27618,649,7154
Pardubický kraj,2022,4239,5300,4391,5331,17479,1143,21583,26208,49,8529,33220,1906,4286,2355,2821,13056,27978,649,7327
Pardubický kraj,2023,4056,5192,4631,5410,17479,4130,20546,24652,48,7768,27966,1977,4285,2377,2753,12583,26126,634,7227
Pardubický kraj,2024,4306,5518,5021,5657,18144,4321,21135,25162,,7841,26459,1966,4520,,2828,12731,,,7674
Plzeňský kraj,2010,3811,6976,3438,4684,14857,2684,22073,28259,45,12493,53620,2457,3094,1228,3079,13660,27589,1100,9202
Plzeňský kraj,2011,4014,7006,3333,4850,15658,3101,22406,28182,48,12904,53365,2503,3191,1494,3140,14300,27803,1067,9317
Plzeňský kraj,2012,4326,6920,3058,5073,16446,3718,22359,27908,52,12971,52073,2547,3308,1886,3212,14591,27059,1023,9748
Plzeňský kraj,2013,3804,6232,2820,5089,16490,10196,21054,25072,52,12354,44323,2543,3251,3791,3235,13460,24242,850,9198
Plzeňský kraj,2014,3862,5974,2727,5057,16842,8539,21347,24847,53,12422,44256,2414,3364,4335,3214,13401,23955,821,8799
Plzeňský kraj,2015,3920,5980,2774,5200,17114,7700,21352,24680,52,12513,45334,2249,3403,4457,3268,14073,23703,812,8625
Plzeňský kraj,2016,3939,5975,2986,5378,17271,7031,21704,24214,57,12552,46261,2249,3456,4471,3287,14586,23635,788,8629
Plzeňský kraj,2017,4105,6109,3608,5641,18070,3537,23352,24650,58,12945,47560,2275,3609,4527,3316,15196,24030,787,8924
Plzeňský kraj,2018,4331,6236,4306,5877,18753,3449,23897,24959,70,13077,46465,2297,3783,4529,3328,15309,24429,784,9138
Plzeňský kraj,2019,4596,6321,4615,6208,19366,1211,23747,25400,71,13338,44035,2299,4058,4518,3396,15293,24979,780,9472
Plzeňský kraj,2020,4798,6590,5057,6257,19838,1209,23625,25759,74,13430,42168,2185,4341,4524,3371,15328,25351,788,10192
Plzeňský kraj,2021,5056,6836,5479,6333,20148,1227,23599,26177,75,13393,41114,2152,4653,4544,3409,15340,26020,798,10713
Plzeňský kraj,2022,5290,7212,5650,6470,20665,1330,23726,26677,72,13369,39711,2155,4946,4588,3493,15316,26649,782,11024
Plzeňský kraj,2023,5116,7284,5789,6533,20535,4430,22826,24861,70,11972,33645,2180,4944,4611,3331,14544,24622,723,10711
Plzeňský kraj,2024,5539,7710,6059,6933,21231,4654,23420,25134,,12015,31940,2232,5209,,3373,14473,,,11807
Praha,2010,24669,21624,34167,18163,41925,6774,148372,70492,126,27866,197565,587,14024,657,10989,7424,53025,2533,86563
Praha,2011,24937,21511,33449,18322,44130,8210,150380,74502,142,29557,209798,473,14027,945,11282,10129,57918,2908,90708
Praha,2012,25231,21026,32916,18823,46872,9488,152634,77373,164,30895,221085,476,14378,1355,11655,12160,61633,3165,95170
Praha,2013,22882,20357,32259,18935,47525,23089,152778,71811,169,31135,208668,478,14064,2486,11527,12138,60849,3309,92787
Praha,2014,23239,20320,32739,18805,48730,19448,160833,73141,173,32500,215712,471,14653,2991,11517,12902,62587,3422,92829
Praha,2015,23017,20637,34178,19193,49987,17918,169481,74511,186,33752,223490,463,15120,3104,11813,13994,65600,3531,90643
Praha,2016,23249,21382,36568,19845,50929,17170,177015,75209,209,35059,228047,469,15509,3162,11571,14686,68032,3589,90883
Praha,2017,24162,22730,42222,20989,53364,9597,189911,77173,213,37660,234817,491,16073,3215,11619,15613,71523,3816,93967
Praha,2018,25206,24453,47158,21931,54819,9747,201064,78120,207,39181,232940,494,16524,3236,11690,16532,74202,3917,95566
Praha,2019,26914,27060,51119,23265,56528,5501,198854,79712,225,40751,227408,504,17295,3303,11874,17391,76329,4142,97516
Praha,2020,28443,30047,55021,24579,59104,5669,199019,82514,224,42762,225395,508,18226,3343,12140,18263,79096,4459,101115
Praha,2021,31496,32553,58550,24875,58565,5952,197801,83178,243,41943,217976,514,18565,3350,12230,19548,80072,4659,105556
Praha,2022,34855,35835,62943,25841,59130,7008,198954,87277,261,41795,216670,521,19550,3477,12904,22688,83570,5021,108860
Praha,2023,36515,38016,67847,26812,58941,13682,196618,88395,255,40887,198394,529,20303,3663,13169,23591,84411,5288,109315
Středočeský kraj,2010,8445,17777,11305,10408,32713,5208,55747,67121,156,22906,112583,4192,7960,834,5912,20610,58874,2445,19681
Středočeský kraj,2011,8832,18039,11099,10688,34825,6211,57540,68926,172,23700,115751,4333,8246,959,6170,21984,59824,2441,20259
Středočeský kraj,2012,9343,17709,10809,11399,37141,7069,58923,69762,180,24074,117457,4516,8479,1213,6370,22880,59673,2377,21300
Středočeský kraj,2013,8450,16537,10473,11380,37300,20680,56030,65383,177,22924,102984,4508,8454,2611,6585,22246,55635,2205,20322
Středočeský kraj,2014,8990,16301,10891,11100,38055,16964,58136,65327,176,23017,105209,4293,8682,3282,6684,22492,55659,2132,19983
Středočeský kraj,2015,9367,16275,11774,11596,38879,15183,60425,65764,171,22997,109402,4188,9000,3422,6900,23837,55845,2102,19478
Středočeský kraj,2016,9616,16372,12452,12034,39820,13815,62274,66102,206,22913,111769,4165,9201,3464,6770,24538,56669,2083,19351
Středočeský kraj,2017,10347,16931,13864,12967,41524,7398,66640,67667,210,23233,115826,4312,9593,3473,6735,25258,58487,2103,20224
Středočeský kraj,2018,10939,17493,15714,13827,42815,7241,70160,68952,208,23020,115693,4351,9934,3495,6791,25675,60021,2072,20710
Středočeský kraj,2019,11842,18314,16981,14900,44358,2379,70561,70178,220,23358,113094,4354,10438,3455,6861,26187,61452,2073,21285
Středočeský kraj,2020,12799,19309,18298,15863,46223,2284,71509,72044,226,23820,109942,4350,11125,3460,6943,26796,62829,2153,22234
Středočeský kraj,2021,13810,20498,19599,16280,46963,2234,72841,73429,233,23754,107755,4323,11653,3449,7021,27449,64493,2244,23045
Středočeský kraj,2022,15021,21877,21144,16695,47842,2403,73813,74858,242,23901,105057,4337,12142,3580,7262,27830,65829,2306,23442
Středočeský kraj,2023,15219,22194,22527,17145,47220,9423,72129,71057,216,22109,92589,4361,12449,3633,7213,27119,62966,2269,23169
Středočeský kraj,2024,16574,23956,24102,18096,48895,10095,74250,72168,,22662,88769,4395,13344,,7415,27439,,,24662
Zlínský kraj,2010,2290,6279,4237,4273,14483,3145,22730,27424,27,10458,46534,1346,3394,861,3355,9005,34733,944,5757
Zlínský kraj,2011,2499,6259,3974,4432,15518,4807,23186,27977,27,10739,45190,1417,3491,965,3391,9528,34861,934,5951
Zlínský kraj,2012,2621,6077,3623,4544,16303,5835,23367,28407,29,10910,44634,1442,3507,1072,3478,9868,34514,858,6247
Zlínský kraj,2013,2509,5683,3501,4524,16378,11459,22170,28083,24,10466,40429,1424,3442,1644,3487,9514,32601,794,6332
Zlínský kraj,2014,2558,5443,3414,4411,16833,9494,22392,28249,28,10565,40875,1391,3457,1963,3422,9870,32273,767,6186
Zlínský kraj,2015,2670,5393,3555,4542,16995,7194,22843,28483,32,10490,42946,1298,3501,2001,3417,11469,32138,748,6061
Zlínský kraj,2016,2733,5306,3685,4514,17219,6521,23067,28546,32,10567,43249,1313,3544,2014,3374,12085,32176,726,6055
Zlínský kraj,2017,3052,5385,3999,4892,18011,3867,24556,29055,36,10851,44255,1353,3699,2005,3389,12706,32740,723,6335
Zlínský kraj,2018,3132,5492,4396,5066,18388,3797,25092,29554,33,10823,43595,1363,3748,1998,3405,13284,33348,695,6590
Zlínský kraj,2019,3314,5589,4387,5211,18897,1443,25157,29905,32,10897,41284,1368,3862,1998,3471,13473,33702,700,6820
Zlínský kraj,2020,3497,5730,4437,5325,19212,1428,25337,30149,33,10929,39647,1357,4026,2010,3471,13665,34102,708,7254
Zlínský kraj,2021,3948,5981,4660,5415,19432,1383,26065,30516,36,10929,39000,1342,4252,2007,3521,13876,34605,697,7751
Zlínský kraj,2022,4330,6193,4794,5590,19704,1429,26448,30978,36,10862,37628,1339,4384,2099,3537,14049,34972,724,8103
Zlínský kraj,2023,4189,5909,4762,5692,19257,4372,25206,28384,42,9692,31622,1355,4364,2130,3431,13532,32425,657,8346
Zlínský kraj,2024,4469,6115,4857,5878,19736,4537,25866,28512,,9684,29881,1355,4656,,3486,13685,,,9125
Ústecký kraj,2010,3865,8569,4342,5802,17468,4106,28619,37418,83,16670,68806,1285,4122,410,4236,8603,28567,1495,10478
Ústecký kraj,2011,4003,8550,4309,5810,18177,5036,28185,37402,88,16879,68938,1288,4125,486,4310,9266,28809,1455,10806
Ústecký kraj,2012,4146,8298,4174,6017,19021,6085,27139,37299,94,17000,67793,1294,4149,646,4341,9928,28642,1366,11445
Ústecký kraj,2013,3767,7359,3894,5881,18926,14303,25224,34655,90,16305,56973,1289,4068,1358,4365,9697,26340,1289,11309
Ústecký kraj,2014,4104,7168,3834,5725,18978,11761,25640,34081,101,16550,57601,1268,4300,1597,4330,9667,26254,1254,11269
Ústecký kraj,2015,4474,7115,4080,5914,19142,10247,26147,34248,98,16424,57928,1220,4566,1624,4295,10214,26239,1206,11424
Ústecký kraj,2016,4850,7154,4312,5979,19202,9344,26626,34408,98,16394,57029,1152,4783,1634,4056,10551,26405,1177,11543
Ústecký kraj,2017,5356,7524,4786,6350,19925,5086,28149,34898,119,16917,56434,1190,5119,1622,4003,10908,27158,1194,11954
Ústecký kraj,2018,5820,7822,5292,6647,20244,4828,28822,35680,150,16777,55595,1188,5306,1623,3967,11045,27723,1180,12250
Ústecký kraj,2019,6484,8198,5546,6863,20785,1511,28589,36711,149,16868,52795,1193,5577,1614,3930,11120,28435,1163,12388
Ústecký kraj,2020,6763,8429,5692,7087,21404,1434,28398,37525,133,16718,51331,1205,5674,1616,3939,11419,29298,1153,12729
Ústecký kraj,2021,7164,8817,6063,7215,21743,1443,28032,38201,149,16514,50387,1204,5740,1634,3910,11873,30324,1154,12922
Ústecký kraj,2022,7337,9161,6394,7330,22043,1441,27756,38908,136,16250,48858,1213,5781,1686,3952,12260,31391,1178,13096
Ústecký kraj,2023,6957,8963,6482,7373,21818,5078,25738,36642,127,14634,41938,1206,5567,1708,3809,11983,30501,1085,12774
Ústecký kraj,2024,7349,9635,6784,7672,22579,5388,25795,37288,,14474,40526,1212,5803,,3800,12247,,,13380
