Kraj,Rok, Administrativní a podpůrné činnosti, Doprava a skladování, Informační a komunikační činnosti," Kulturní, zábavní a rekreační činnosti", Ostatní činnosti, Peněžnictví a pojišťovnictví," Profesní, vědecké a technické činnosti", Stavebnictví, Těžba a dobývání," Ubytování, stravování a pohostinství", Velkoobchod a maloobchod; opravy a údržba motorových vozidel, Veřejná správa a obrana; povinné sociální zabezpečení, Vzdělávání," Výroba a rozvod elektřiny, plynu, tepla a klimatizovaného vzduchu", Zdravotní a sociální péče," Zemědělství, lesnictví, rybářství", Zpracovatelský průmysl," Zásobování vodou; činnosti související s odpadními vodami, odpady a sanacemi", Činnosti v oblasti nemovitostí
Jihomoravský kraj,2005,11366,15966,29326,13913,13903,26586,20697,16332,21998,9500,15631,21114,17612,22034,17225,13020,16350,17608,14048
Jihomoravský kraj,2006,12196,16730,30868,14532,13851,27647,21398,17386,24346,10096,15711,22069,18993,23371,18549,13694,17558,18711,14104
Jihomoravský kraj,2007,13072,18074,32833,15469,16494,29653,23394,19071,26020,10661,18034,23763,20023,24764,19477,14655,19027,19825,16020
Jihomoravský kraj,2008,15104,19540,34845,16088,15802,32523,25352,20995,28797,10808,19056,24837,21112,29251,20031,16528,20853,21306,19581
Jihomoravský kraj,2009,15893,19885,39183,17411,17854,32442,26442,22576,32851,11000,19621,24952,22152,30400,21656,16556,21401,22971,18111
Jihomoravský kraj,2010,16619,19931,38676,17885,17934,31175,26153,22704,29285,11399,19819,25244,22155,34122,22675,17055,21963,23382,17735
Jihomoravský kraj,2011,16682,19831,40802,18154,18227,33414,26021,23348,33656,11240,20704,24500,22451,33099,23762,17442,22622,24149,18725
Jihomoravský kraj,2012,17686,20516,41868,17855,17354,37590,26619,23446,38924,11331,20810,25064,23211,33060,24346,18419,23717,24265,18517
Jihomoravský kraj,2013,17449,20903,43070,18192,18093,34345,26858,23089,38435,11445,21191,25090,23517,32290,24038,19358,24127,23197,17190
Jihomoravský kraj,2014,15494,21449,42507,18629,18321,35174,27420,23247,38562,11836,21740,25919,24077,33251,24518,20473,24588,25432,16880
Jihomoravský kraj,2015,15621,22275,46149,19598,19420,35125,29949,23867,44763,12599,22622,26967,24154,32814,25706,20471,25323,25332,18062
Jihomoravský kraj,2016,16418,23503,44959,21182,20487,36833,31298,25115,40548,13683,23331,28226,24896,36439,27188,21087,26496,25429,18947
Jihomoravský kraj,2017,19194,24599,47029,23180,19831,37268,32993,26330,41078,15559,25349,30458,26933,39225,29497,22012,28001,27504,20407
Jihomoravský kraj,2018,20214,26456,51343,25359,21247,41367,34075,28205,45432,17015,27289,33597,29259,40858,32371,23519,30048,28319,22087
Jihomoravský kraj,2019,22765,28389,53107,28120,22853,43933,36321,29922,46854,18341,29133,35691,32394,44602,35195,25952,32005,30626,24889
Jihomoravský kraj,2020,25076,29207,56553,27732,22766,44490,38507,31191,45741,17636,29924,37799,34542,46563,39670,27183,32530,32600,25486
Jihomoravský kraj,2021,26058,30670,60345,28402,24385,47168,40016,32122,48949,19849,32022,38322,36397,50007,43655,28539,34233,34001,26470
Jihomoravský kraj,2022,27404,32587,63047,30381,24253,51218,43056,33295,51071,20078,33764,39469,37073,53563,40718,29183,36403,36622,29422
Jihomoravský kraj,2023,31386,34676,69499,33549,25801,54367,44836,35152,55457,21496,36066,42554,39080,58244,42761,30833,39687,39859,30392
Jihomoravský kraj,2024,32955,36732,75425,35074,28115,57640,49304,38467,55857,23219,38683,43929,39849,61576,46794,32738,42420,42669,32502
Jihočeský kraj,2005,9672,15773,27787,15028,12934,26431,18690,15900,19914,9037,14179,20981,16683,26338,16310,13413,16484,16640,13512
Jihočeský kraj,2006,10509,16055,29073,15781,13539,28857,19412,16974,20671,9586,15098,21807,17479,29708,17484,14401,17313,17263,13848
Jihočeský kraj,2007,11486,17188,28531,17225,14112,28522,20519,18061,21371,10058,16454,23120,18562,32274,18469,15904,18579,18715,14702
Jihočeský kraj,2008,12255,19038,31537,17726,14360,31240,20795,19812,24454,10472,17786,23065,19345,34042,19679,17524,20100,20396,15575
Jihočeský kraj,2009,13023,18925,33923,18322,14367,33774,22862,20836,26366,10416,17952,24634,20712,37240,21234,17437,20338,19627,16340
Jihočeský kraj,2010,12912,19236,32007,18771,14930,33108,21467,22085,24706,11021,17733,24579,20573,37793,21804,18066,21311,20651,16991
Jihočeský kraj,2011,13611,19363,32324,18537,15471,33871,21588,22635,24748,11242,18206,23932,20755,39047,23385,18506,21803,21338,16858
Jihočeský kraj,2012,12862,19668,33319,19341,16212,33934,21783,23473,26301,11452,19015,24642,21080,39219,23407,19557,22807,21902,15913
Jihočeský kraj,2013,13093,18961,32428,20082,16155,33618,21652,22649,26043,11464,18473,26147,21121,41562,23423,20165,22834,22345,16261
Jihočeský kraj,2014,13027,19751,32233,20191,16148,34593,22532,23178,26341,12250,19239,25405,21700,41432,23970,21082,23632,22298,16813
Jihočeský kraj,2015,14325,19816,32547,20795,17087,33776,22922,24027,29939,12715,20340,26870,22043,40824,25627,21516,24399,22013,18484
Jihočeský kraj,2016,15531,21731,32652,21673,17828,36092,23873,24777,30543,13466,21432,28254,23050,42941,26487,22319,25507,23518,19561
Jihočeský kraj,2017,15857,24407,34864,23569,18093,38218,25366,25623,31306,15359,23139,30743,24551,44931,28679,24024,27223,25045,19925
Jihočeský kraj,2018,17509,25600,37009,25269,19682,40458,27886,28029,31771,16634,24963,33723,27032,48213,32295,25540,29149,26443,22049
Jihočeský kraj,2019,20455,26668,37881,28337,21115,43319,30114,28591,62463,18765,26685,35902,30542,49982,34408,27452,31129,28532,23978
Jihočeský kraj,2020,21674,27557,36442,28719,21576,44361,31058,30289,36013,18295,27420,37714,33257,53580,39070,28404,31367,30689,24411
Jihočeský kraj,2021,23121,30143,39362,29449,22670,45452,32231,31972,37501,20395,28638,38149,35786,56491,43573,29727,33663,31487,26130
Jihočeský kraj,2022,24003,32301,42569,31110,22275,51217,33319,34030,41402,20846,31231,39461,36006,61844,40829,31379,35645,32897,28965
Jihočeský kraj,2023,25187,34451,44866,33747,24750,56453,34698,37027,45526,21765,33038,42655,37582,68569,44131,33056,38306,36301,28362
Jihočeský kraj,2024,26498,36438,48010,35216,27053,61584,38646,38986,47509,24262,35949,43835,38191,72273,46991,35169,41089,38896,33055
Karlovarský kraj,2005,10978,16573,27343,14174,11553,25486,15826,14950,21417,11489,13353,20372,16179,20191,15580,14188,14836,16619,14034
Karlovarský kraj,2006,12491,16636,23513,15498,11877,26143,16646,15308,24235,12184,14077,21226,17167,22723,16338,15067,15889,17087,14277
Karlovarský kraj,2007,12193,17687,23976,16605,12846,29047,18534,16882,26271,12925,14916,22895,18192,23251,17732,16405,16781,18445,14880
Karlovarský kraj,2008,13355,18378,24799,17103,13475,30771,19041,16540,30404,13148,16055,24027,18749,25645,18476,16948,18112,20469,15255
Karlovarský kraj,2009,12389,18267,26787,18636,14018,34394,19861,19248,31744,13749,16775,25258,20190,26882,19164,16647,18179,21649,16157
Karlovarský kraj,2010,12849,18506,22385,17852,14163,33174,19247,20517,30763,14469,16299,25423,19866,27775,20528,18468,18798,21289,16515
Karlovarský kraj,2011,14022,19154,21836,19449,14303,33978,18178,19505,31880,14962,17515,24678,20019,29411,20392,17952,19506,21419,19345
Karlovarský kraj,2012,14049,19876,23903,19648,13850,36495,20171,19460,32452,15112,17045,25140,20485,29314,20879,18894,20448,21518,19406
Karlovarský kraj,2013,16059,20481,23617,20516,14056,35229,19314,18936,30785,15522,17670,25198,20700,29871,21062,18761,20325,20319,19162
Karlovarský kraj,2014,15423,20573,24009,20052,13476,34096,19346,19744,31647,15728,18259,25728,21230,29874,21524,19241,21277,20455,19703
Karlovarský kraj,2015,15486,21383,24448,21374,13959,31851,19778,20988,32300,16058,18913,27184,21899,30762,21915,20368,22314,22573,20637
Karlovarský kraj,2016,16683,22525,24973,22466,14605,35917,21754,21511,33053,17116,20294,28415,23189,27780,23733,22085,23704,23221,21835
Karlovarský kraj,2017,17657,26496,27265,24222,16949,37205,23306,22927,34253,19204,21990,30589,25112,33039,26397,23978,25736,24773,21245
Karlovarský kraj,2018,19835,26518,30214,26376,18999,39652,23946,24597,34945,20386,23246,33435,27510,35590,28715,25654,27701,26137,23131
Karlovarský kraj,2019,22102,27817,29699,29557,19684,41407,26575,26804,36798,22217,25339,35188,30872,37030,30789,27878,29176,28248,25318
Karlovarský kraj,2020,22240,28739,30006,29491,20785,42671,26716,27935,37103,20571,25884,37846,33740,39350,32889,29358,29211,28935,24334
Karlovarský kraj,2021,24800,30900,32528,27990,23224,43478,28978,28761,35359,22839,26942,38219,36278,41400,37122,31166,31298,29031,24519
Karlovarský kraj,2022,22353,32681,33632,30276,22517,46935,29682,29485,43255,24216,28732,39776,36375,43971,36028,32839,32708,30490,27442
Karlovarský kraj,2023,26843,35283,37314,33340,25537,50290,30929,31921,49220,25211,30559,42407,38561,46627,38874,35493,35599,34975,29195
Karlovarský kraj,2024,27189,38574,52991,34268,26322,55764,37963,33884,45717,26468,33178,43719,39196,49872,41915,37830,37720,36389,29703
Královéhradecký kraj,2005,10580,16219,25744,13625,12088,26570,18452,16005,21455,9461,14033,21102,16320,26267,16620,14277,16019,15410,13229
Královéhradecký kraj,2006,11582,16235,25891,14227,12580,29807,18858,16759,23370,9973,14943,22152,17411,29444,17697,15003,17126,17694,13760
Královéhradecký kraj,2007,13411,17242,25969,15624,14140,25816,19847,18261,24186,10376,15900,22698,18314,30460,18528,16192,18516,19389,15399
Královéhradecký kraj,2008,13304,18829,29851,16720,14012,30386,20825,18975,25523,11206,17746,25349,19225,32727,19899,18196,20388,21766,15818
Královéhradecký kraj,2009,13828,19388,30339,17214,14989,37541,21861,21302,30634,10816,17530,25944,20573,35018,20998,17878,20482,22604,18359
Královéhradecký kraj,2010,13748,19484,29263,17492,14960,33289,20822,20475,30605,11375,17467,25211,19801,34603,21632,18650,21829,24852,15642
Královéhradecký kraj,2011,13182,19640,31039,17283,16424,34937,21605,20719,25461,11709,17977,24319,20464,38201,22722,19459,22381,24480,17203
Královéhradecký kraj,2012,14654,19410,32156,21636,15586,35979,21960,20399,31360,11918,18857,24905,20908,39676,23518,20708,23261,26088,16370
Královéhradecký kraj,2013,14623,19511,31509,17737,15194,34959,22648,20016,26006,11518,17963,24939,20662,38107,23399,21452,23432,26109,16541
Královéhradecký kraj,2014,15381,20063,33281,19269,15129,33084,23042,20673,24767,12100,19250,25800,21121,37953,24028,22141,24112,26035,17713
Královéhradecký kraj,2015,16081,21984,33824,19838,15643,31272,23789,21760,24711,12872,19851,27442,21468,38587,25396,23018,24567,27888,17956
Královéhradecký kraj,2016,16975,24247,35176,20882,16131,34373,24646,22178,25176,13948,20702,28284,22335,39640,26870,23836,25878,24765,19370
Královéhradecký kraj,2017,17642,24072,35196,22188,16874,36690,26975,23453,25320,15305,22738,30842,24005,42081,28771,25798,28406,25647,20019
Královéhradecký kraj,2018,19772,25949,38457,25183,18260,39152,28363,25707,29051,17524,24656,33672,26548,45466,31670,27441,31205,27618,22805
Královéhradecký kraj,2019,22050,28239,40786,23971,19980,40005,30528,27960,29564,19076,26542,38671,30190,48850,34182,29495,33288,28949,24173
Královéhradecký kraj,2020,23765,29032,43261,26873,20790,42235,30702,28824,29509,18990,27624,37794,33196,50662,38448,31215,33851,30624,25187
Královéhradecký kraj,2021,24340,30161,46531,27751,22567,53030,32693,30123,31998,20995,29202,38528,35794,52636,43028,32342,35402,29189,24353
Královéhradecký kraj,2022,27373,32358,46985,29303,22108,48027,32982,30197,34530,21429,30424,39951,35749,56132,40021,34234,37555,31687,25875
Královéhradecký kraj,2023,28130,33905,51470,31466,24302,50715,35875,33165,35675,22723,32332,42967,37185,60199,42246,36433,40709,35500,28271
Královéhradecký kraj,2024,29017,35899,57656,33562,25456,58017,37124,35627,38147,23924,34356,44075,37869,64914,45834,38155,43175,40566,31877
Liberecký kraj,2005,9950,16360,29132,13937,11136,26612,18889,15469,21807,9074,14266,19075,16177,21376,15943,13211,16802,16521,13776
Liberecký kraj,2006,10725,16623,25477,14911,12459,27281,19612,16575,23082,9708,14586,19550,17304,21501,17264,14523,17921,17573,13936
Liberecký kraj,2007,11860,17831,24932,15615,13408,28581,21314,18170,24316,10267,15772,21526,18442,21146,17804,15551,19402,18037,15323
Liberecký kraj,2008,12526,18651,27877,17719,14200,30882,23507,19238,26483,10345,17192,22844,19078,21871,19439,16516,21162,19088,13757
Liberecký kraj,2009,12078,19183,30642,17377,14015,32138,25231,19324,27012,10177,17566,22666,20537,25904,20880,16332,21945,19562,18505
Liberecký kraj,2010,11958,19934,28626,16857,13372,32973,24722,19820,27109,10911,16682,22954,20050,24008,21332,16407,22991,20570,15278
Liberecký kraj,2011,12160,19947,30794,17456,14133,32950,25556,20651,28542,11262,17670,23600,20667,25768,22678,17286,23649,22751,18561
Liberecký kraj,2012,11690,20172,31293,17370,14315,35220,26387,20284,28951,10850,18492,23888,21020,27196,22756,18830,24684,20550,18903
Liberecký kraj,2013,13689,23229,30556,17759,13462,32826,25972,20430,29078,11094,18569,23763,21461,27602,21139,18917,24956,20798,17761
Liberecký kraj,2014,13402,23912,32865,18159,13490,33672,25752,21872,29592,11146,19059,24628,21982,27724,23130,19480,25657,21309,18175
Liberecký kraj,2015,13189,23381,34430,18519,14259,30968,26456,22858,29053,12457,19957,25327,22331,28317,24241,20025,26522,21389,18785
Liberecký kraj,2016,15440,24211,36356,20716,14847,35618,27167,23072,30087,13503,21057,26943,23454,29790,25232,20714,27436,22557,20930
Liberecký kraj,2017,16422,24134,38217,22532,16826,36419,30316,24692,32243,15645,22979,29350,25152,33392,27598,20891,28761,24415,21884
Liberecký kraj,2018,16610,25916,41382,24523,18332,38616,32914,27047,34421,16454,24576,32614,27945,35524,30020,22713,31620,27185,23878
Liberecký kraj,2019,17805,31524,44583,28804,19418,40873,33746,28983,36453,17985,26000,37008,31463,38366,32052,25544,32892,27782,24997
Liberecký kraj,2020,18130,32092,45974,26382,20553,41731,35193,29908,37688,17458,26710,36980,33498,42139,37092,26957,32563,28923,25730
Liberecký kraj,2021,20065,29612,46418,27177,21870,41034,36771,30851,39153,19778,26993,37512,36225,42562,39717,28104,34421,32867,27213
Liberecký kraj,2022,20087,31796,49534,27346,20825,45412,38302,31687,42215,21003,29208,38806,36449,45224,37359,30069,36189,31431,29623
Liberecký kraj,2023,21594,33670,55488,30290,21169,49608,40124,34605,45999,21554,31585,41675,38120,50302,40334,32011,38943,35187,30280
Liberecký kraj,2024,23425,36242,61437,32198,23239,53481,43547,36533,49271,23258,34782,43154,38407,52612,43994,32776,42194,36320,34787
Moravskoslezský kraj,2005,10414,16182,28139,13971,11998,26081,19082,15551,23772,8658,13789,21013,17250,24327,15957,13166,17834,16485,14602
Moravskoslezský kraj,2006,11313,17094,27356,14622,12785,27937,19469,16306,25730,9136,14692,22154,18228,26227,17402,14078,18642,17440,15716
Moravskoslezský kraj,2007,11720,18585,31732,15219,13554,27725,21497,17633,27977,9506,15945,23701,19427,27776,18684,15502,20099,19122,16487
Moravskoslezský kraj,2008,13598,20520,33774,16320,14454,31006,23248,19086,32998,9843,17261,25061,20127,30424,19441,17262,21636,19761,18819
Moravskoslezský kraj,2009,13689,20888,32890,17265,15128,31047,23855,20576,29190,9764,17475,26291,21416,31894,21341,16809,21561,20008,19558
Moravskoslezský kraj,2010,13714,21014,31747,17688,15911,30345,24501,20223,33165,10448,17144,25726,20924,33610,21731,17130,22481,20570,17930
Moravskoslezský kraj,2011,14223,22401,33376,17566,15904,29503,24268,20785,34933,10303,18136,25105,21099,34413,22863,17533,23368,20894,19597
Moravskoslezský kraj,2012,14318,21494,33437,21080,16275,27852,24775,20386,35657,10444,18217,25649,21499,35786,23342,18707,23809,21435,17546
Moravskoslezský kraj,2013,14252,20884,34108,17987,16173,28649,24268,19932,34035,10545,17958,25748,21785,34839,23219,19493,24429,21525,19877
Moravskoslezský kraj,2014,15036,21751,34325,18372,16826,28292,24493,20549,32817,11196,18716,26045,22155,34086,23777,20021,25394,22705,19590
Moravskoslezský kraj,2015,16255,22366,35365,19454,16626,29435,25443,20793,32762,12182,19597,27329,22490,35682,24920,20402,26128,23043,21120
Moravskoslezský kraj,2016,17437,23218,36045,20007,16577,31987,25227,21142,31482,12821,20705,28713,23274,36890,25878,20995,26951,23956,22572
Moravskoslezský kraj,2017,18687,25445,38433,21346,18158,32990,26531,22342,34571,13995,22313,30948,24896,38162,28168,22478,28425,25617,22517
Moravskoslezský kraj,2018,19829,26878,41985,23665,19616,36011,27553,24295,39175,15103,24164,33959,27414,40134,30885,23946,30555,26778,23422
Moravskoslezský kraj,2019,20647,28350,43609,26615,20868,38067,28570,26446,38849,16260,25539,35782,30715,42438,33473,25874,31705,28722,27212
Moravskoslezský kraj,2020,20471,29021,45356,27451,21667,38490,30390,27366,37569,15633,26126,38420,33328,44251,37430,27001,32421,30634,28421
Moravskoslezský kraj,2021,21943,31176,47089,27857,24143,40806,33029,28795,42333,18221,28582,38719,35859,46552,41140,27712,34298,31278,28246
Moravskoslezský kraj,2022,22335,33247,51326,28039,24644,43907,34971,29280,46951,18308,29454,40154,36128,50395,38916,29191,36181,33503,28924
Moravskoslezský kraj,2023,23768,36042,56555,30681,27119,47928,37664,32568,51094,19562,31685,43449,38006,56420,41312,30647,39292,36933,31452
Moravskoslezský kraj,2024,25074,38793,60235,32183,29180,53672,40860,34342,54292,21928,33550,44854,38870,57739,44375,30854,41525,39562,36139
Olomouckáý kraj,2005,9704,16358,25593,12951,11994,21878,17545,15288,19079,8565,13571,20521,16787,18206,16449,13268,15765,15789,13630
Olomouckáý kraj,2006,10394,17345,24362,14037,12867,25305,18830,16759,21371,9185,14838,21326,18073,20021,17706,13935,16733,17315,13426
Olomouckáý kraj,2007,10887,18827,27527,14517,13931,28021,20055,17683,23208,9532,15966,22668,19009,21318,18946,15646,18194,18557,14208
Olomouckáý kraj,2008,12225,19638,27818,15841,14326,28923,20261,22037,24291,9671,17349,23500,19679,23219,19607,17019,19337,19109,15432
Olomouckáý kraj,2009,12416,19157,34235,16501,14589,34832,21320,22496,24572,9404,16900,23583,20853,24872,21032,17412,19959,20297,17378
Olomouckáý kraj,2010,12947,20999,31711,17032,15172,31470,20638,20200,25371,10160,17682,24773,20617,25482,22156,17724,20494,22763,16398
Olomouckáý kraj,2011,14664,21734,29366,17425,14903,33916,21778,20353,26556,10535,17652,23878,20863,27007,23583,18519,21770,21238,16696
Olomouckáý kraj,2012,14646,20943,29912,17453,14820,31879,25507,20424,24885,10590,19860,24153,21435,31041,23971,18871,22744,21421,17318
Olomouckáý kraj,2013,13131,21119,28376,17613,15343,27533,23401,20474,25468,10857,18756,23505,22128,27183,24246,20171,22748,21109,17454
Olomouckáý kraj,2014,12422,21202,30002,18316,14587,31601,23907,20960,26225,11384,19324,25297,22770,28548,24979,21577,23409,21381,17174
Olomouckáý kraj,2015,13570,22611,30191,18814,14981,29942,23607,22000,28385,12311,20046,25938,22921,30199,26038,21314,24304,21202,18705
Olomouckáý kraj,2016,14163,23071,30228,19703,15325,32898,26405,22710,29196,13063,21051,27545,23510,32027,27214,22030,25547,22351,18899
Olomouckáý kraj,2017,14225,24983,34333,21033,16832,33498,28028,25306,30982,14626,23239,30155,25057,33558,29119,23306,26598,23415,20794
Olomouckáý kraj,2018,15452,26755,37320,23528,18513,36035,29481,26988,33822,15877,25072,33310,27851,36108,31972,25042,28973,25583,22067
Olomouckáý kraj,2019,16534,28458,38427,25278,19671,39206,30857,28451,37724,17504,26948,35677,31174,40114,35045,26972,30450,26670,24872
Olomouckáý kraj,2020,16027,29221,40631,26630,20954,39409,31551,30052,37228,17112,27990,37375,33758,43141,39741,28227,31147,28042,24978
Olomouckáý kraj,2021,16851,31536,42890,27603,22841,41635,33227,31133,36252,19168,29623,37894,36041,44809,43241,29503,33187,29670,26071
Olomouckáý kraj,2022,17934,33465,45601,27158,22851,42329,33904,32774,39160,19799,30959,39073,36359,49323,40313,31493,35383,32003,28269
Olomouckáý kraj,2023,17913,34821,49968,29337,24732,44864,36386,34510,43037,21121,33463,42346,37688,52968,42398,33093,37797,34813,29490
Olomouckáý kraj,2024,20689,38167,54624,32116,27439,52793,38370,35676,47279,22837,36344,43341,38545,54416,45653,35264,40581,38010,31698
Pardubický kraj,2005,10165,15658,22776,13697,12459,28091,19715,15442,17523,9026,14489,19302,16565,26576,15511,13416,15924,16001,13822
Pardubický kraj,2006,11694,16895,23938,14792,12421,29467,19666,16742,18686,9482,15109,20199,17624,27091,16864,14029,17183,16512,14893
Pardubický kraj,2007,12173,17917,25198,15283,13496,30875,21690,17854,20665,10275,17525,21470,18584,28698,17469,15622,18323,17810,16296
Pardubický kraj,2008,12435,19890,27238,16865,13534,36400,22985,19631,21689,10633,17360,22651,19376,31877,17765,17412,19705,18768,18684
Pardubický kraj,2009,12590,20002,31826,16838,14441,34514,23759,20369,22840,10463,17402,22063,20793,33874,19575,17233,20153,19761,18796
Pardubický kraj,2010,11459,20219,27025,16836,14474,34208,23527,19571,23970,11140,17323,22108,20153,34184,20075,17092,20926,20307,19068
Pardubický kraj,2011,11877,19728,29209,17039,15170,35533,23962,20339,21692,11189,17764,23418,20657,33026,20700,18351,21839,20689,19528
Pardubický kraj,2012,11874,21076,29720,16770,15448,37265,25108,20229,23102,11409,19181,24001,21220,34596,20823,19287,22378,21127,22561
Pardubický kraj,2013,11866,21464,30293,17428,14574,34436,24502,20292,22340,11533,18463,23564,21182,35667,21078,20343,22935,21839,19680
Pardubický kraj,2014,12223,22111,30474,17779,15379,36083,24942,21010,24814,12081,18766,24836,21672,39608,21387,21414,23840,21853,18320
Pardubický kraj,2015,13108,22723,30595,19779,16018,34282,25270,22012,27502,12553,19983,25703,21990,36852,23873,21550,24486,22172,21482
Pardubický kraj,2016,14682,23209,30082,21049,17380,37024,26431,23093,30375,12678,20903,27384,23016,37471,23924,22522,25884,23738,22455
Pardubický kraj,2017,16718,25339,31725,23152,17720,36275,28331,24649,28897,14931,22754,29520,24488,38624,25550,24377,27565,25135,21423
Pardubický kraj,2018,18844,26570,34729,23897,20117,40393,28604,26716,32292,16458,24593,32475,27042,41179,28175,26076,29581,26611,23742
Pardubický kraj,2019,19648,28711,34606,26082,20797,40667,30361,28756,37840,17882,26152,35056,30542,43384,30426,27918,31335,28929,24746
Pardubický kraj,2020,20383,29503,36560,26775,22283,40914,31088,30659,40316,18111,27058,36845,33623,44887,33811,28828,32098,31006,24972
Pardubický kraj,2021,20678,31315,38769,27424,22555,43446,32533,32063,39198,19827,29260,36970,36192,46429,37768,29984,33603,31819,25210
Pardubický kraj,2022,21212,33378,44067,28458,21782,48115,33875,32365,38143,20120,30435,38447,36249,50774,34495,31607,35299,34480,27686
Pardubický kraj,2023,24575,35699,46781,30407,23528,50866,36332,35245,40417,21087,31888,41723,38088,57798,36769,33972,38224,37888,29097
Pardubický kraj,2024,25220,37517,48426,32915,28339,55360,38621,38691,43029,22826,35092,42804,38587,55545,42085,36001,40967,41126,37422
Plzeňský kraj,2005,11888,16403,28414,15114,11633,26776,18739,15734,18579,8822,14342,21514,16984,25694,17526,14081,17299,15965,14965
Plzeňský kraj,2006,12692,17527,33338,16104,12659,29299,19502,16761,20854,9388,15323,22498,18124,27143,19243,15177,18903,17416,15232
Plzeňský kraj,2007,13448,18976,32149,16923,13305,29502,20516,18835,24231,10244,16704,23882,19195,27817,20195,16778,20158,18618,16899
Plzeňský kraj,2008,13553,20111,32566,17671,13770,32421,22544,19907,25670,10843,18070,25519,19690,31900,22035,17713,21987,20352,18522
Plzeňský kraj,2009,14810,20792,36760,20183,14676,36117,35726,21727,25448,10120,18334,25492,20292,33240,23759,17780,22722,20745,19281
Plzeňský kraj,2010,14638,20789,35699,19352,13790,36387,23452,21849,26787,10691,19845,25216,20683,34053,24358,18891,23332,22556,18312
Plzeňský kraj,2011,14631,20806,35365,18654,14964,38194,24832,21602,27014,10660,19477,24862,21048,36041,26151,19536,24170,21670,20417
Plzeňský kraj,2012,14978,21619,38266,18607,15012,39574,24639,23555,27555,10529,19948,25598,21365,36979,26001,20034,24929,22686,19606
Plzeňský kraj,2013,14627,21822,38152,20046,15290,44241,24089,22418,26961,10957,19483,26427,21542,36870,25953,20888,25179,22841,18967
Plzeňský kraj,2014,14922,21926,38064,21714,15910,36186,25868,22735,27829,11534,20410,26561,22174,36380,26778,21699,26071,23284,17835
Plzeňský kraj,2015,14956,23019,38411,21917,16855,34821,25904,23988,28018,12230,21487,28050,22455,36452,27828,22478,27052,23831,18987
Plzeňský kraj,2016,15485,23608,39508,23731,18562,39231,27525,26002,30555,12937,22984,29061,23516,37191,28917,23290,28300,24629,20235
Plzeňský kraj,2017,17247,26358,42612,26309,19521,40680,30645,26727,31960,14995,25046,31471,25219,39986,31006,24897,30861,26936,21971
Plzeňský kraj,2018,19455,28448,46950,27385,20458,42740,32683,28897,32594,16611,26851,34729,28087,41655,33755,26893,32804,28429,23457
Plzeňský kraj,2019,20100,30346,48201,30868,22641,44338,34921,30579,14908,18263,28373,36118,31341,45222,36391,29449,35032,31434,26675
Plzeňský kraj,2020,20250,30774,51188,30504,23162,44835,35353,31462,35355,17786,28981,39089,33477,47230,40975,31152,35129,32245,26212
Plzeňský kraj,2021,21356,32343,50916,29594,23738,46128,39090,32412,37480,19853,30173,39188,35911,49300,45828,31882,37038,33750,25195
Plzeňský kraj,2022,20493,34587,55314,32122,23724,50116,39152,33016,37153,19994,32222,40729,36221,53402,43027,32369,38791,35786,29589
Plzeňský kraj,2023,21819,36220,58702,34987,25503,53966,43739,35325,41015,21421,34099,43792,37886,56490,45429,34491,42023,39012,30915
Plzeňský kraj,2024,23679,38227,59833,38588,28001,58814,46840,38231,42438,23847,35709,44885,38870,61113,48221,36416,44955,41344,32102
Praha,2005,13929,25033,38985,17140,16805,44047,27204,21051,27003,12866,21622,25314,18647,33462,19107,14676,21827,20592,19701
Praha,2006,15134,24843,42506,18096,17627,46784,28406,22709,16778,13867,24109,26643,19687,38808,20956,14481,23621,22682,20381
Praha,2007,15830,25624,45211,18891,18492,49766,31027,23981,21206,14287,25810,29214,21342,44202,22163,14903,24952,24842,23156
Praha,2008,17989,28265,48764,20346,18749,52700,35514,26058,20111,15028,27343,29918,21578,50683,23077,16569,26395,25042,22478
Praha,2009,18442,29404,49477,20636,19443,53737,37219,26239,28388,14922,28546,31445,23083,55377,24763,16725,27277,27054,23507
Praha,2010,19165,28805,51238,22264,19548,54223,39214,26837,42636,16034,29708,31698,22704,55706,25367,15845,28821,27940,23780
Praha,2011,18937,27753,53774,20321,20567,58596,38905,27485,33204,15768,30526,30743,23257,57262,26521,16201,29982,28399,24474
Praha,2012,18863,29215,55586,21735,22099,62627,39255,26538,36058,15647,30454,31335,23794,64017,27657,15214,30360,28243,22596
Praha,2013,18370,29187,53883,22141,21154,55093,37933,25716,32922,15891,29703,31499,24015,57293,27186,14887,29888,27739,21708
Praha,2014,18947,29553,56342,23082,22387,59101,38428,26214,31930,16093,30605,32881,24642,56993,27810,14779,31251,28008,22039
Praha,2015,19096,29952,57940,24374,23184,58111,39146,27694,33767,16927,31836,34471,25279,53481,29231,16705,31617,29207,24330
Praha,2016,20011,30698,59549,25805,25007,59803,40262,28489,45404,17630,33536,36433,26030,53471,30714,17292,33050,30844,26022
Praha,2017,20759,32483,62108,28803,23401,62839,42203,29416,39486,19619,35629,39689,27527,56815,33035,17946,35096,32708,26215
Praha,2018,21734,35191,66306,31633,25087,66201,45050,32099,36995,21184,37426,43182,30691,60402,35689,19215,37430,34029,28297
Praha,2019,23654,36871,69436,35215,26154,69488,47441,33310,39765,22670,39891,45628,34450,66119,38782,20856,39441,36386,30945
Praha,2020,24898,37134,72724,37214,27252,71993,49604,33912,43601,20663,40896,47616,35391,70420,42913,21418,40749,36612,31076
Praha,2021,25645,39255,75465,35435,29330,71907,52001,34580,50770,22353,43888,48053,37303,72415,46511,21049,41721,38518,32526
Praha,2022,27956,42404,80689,37134,30251,79401,55213,35678,57734,24103,46314,49559,38640,78314,44292,21825,42814,39706,39011
Praha,2023,29405,45777,86993,41309,32474,83819,58621,37606,59262,26112,49307,53019,40555,98758,47669,20618,47277,42910,39696
Praha,2024,32824,50567,93273,43555,34593,87071,63422,43195,76568,28909,52673,54174,42295,101875,52080,23003,52924,47794,44014
Středočeský kraj,2005,11261,16648,21374,13540,11170,26754,19473,15113,18889,9026,16910,20809,16196,24577,15752,13901,19203,16933,12929
Středočeský kraj,2006,11174,18527,23087,14134,12475,27808,20088,16072,19340,9736,17895,21907,17177,25636,17182,14951,20590,18040,13495
Středočeský kraj,2007,11584,21731,24717,15030,14551,29181,21779,17265,21072,10091,19372,23372,18174,27873,17618,16670,22482,18543,14731
Středočeský kraj,2008,12185,22959,28299,16446,15208,31065,23953,19170,23214,10607,21281,23386,18933,29823,19036,18795,24167,20048,17013
Středočeský kraj,2009,12991,24197,31930,17352,17110,32702,23698,20468,23468,10606,20666,23089,20222,32621,20461,18306,24592,21554,16231
Středočeský kraj,2010,13562,24718,27104,16776,16237,33246,24439,20183,23422,11513,21638,23853,20128,32770,21276,18786,25936,21491,16814
Středočeský kraj,2011,12698,23955,29745,17510,17477,34764,25767,21022,24020,11549,22667,23600,20157,33508,21800,19269,27171,21631,17473
Středočeský kraj,2012,14211,24682,29724,17497,17921,33754,25641,21271,25001,11417,22648,24233,20723,35839,21616,20116,28176,22465,18213
Středočeský kraj,2013,14767,24382,28880,18494,17575,33372,25526,20703,24187,11769,22982,24166,20944,37144,21752,21004,28782,22829,17887
Středočeský kraj,2014,17264,25174,30331,19025,17185,34181,26704,21184,25465,12209,23463,25091,21674,37844,22140,22057,29561,23135,17860
Středočeský kraj,2015,17004,25796,30272,19842,17438,34628,27711,22102,26401,12963,24999,26423,22104,37197,22928,21912,30612,23637,19602
Středočeský kraj,2016,17523,27412,31891,20903,18778,36255,29518,23657,27188,13849,25982,27785,23254,39418,24079,23327,31772,24676,20363
Středočeský kraj,2017,18192,29092,34008,22519,18784,37772,31061,25030,29332,15504,27849,30243,24882,41499,26184,24713,34432,26331,20873
Středočeský kraj,2018,21615,30944,36671,24671,21011,39610,32687,26776,29978,17414,29939,33086,27563,44284,29077,25958,37823,29064,22968
Středočeský kraj,2019,23010,33502,40540,27373,23033,43626,35906,28819,31674,18993,32003,35408,31161,47748,31490,28009,40840,30630,25294
Středočeský kraj,2020,25271,33208,37806,27345,23590,43948,36781,29717,32797,19203,33105,37283,33560,50444,35980,29117,41314,31885,25645
Středočeský kraj,2021,25917,34381,41830,29540,23912,47961,37366,31114,34620,20665,34777,37976,36110,52334,39678,30171,42825,33263,27891
Středočeský kraj,2022,27315,36507,42415,30234,24257,50888,38670,31613,37191,21347,36498,39791,36410,56058,36925,31312,46250,35388,31230
Středočeský kraj,2023,29143,39884,46349,34216,26051,54201,41887,33707,41600,22235,39231,42418,38401,62167,39348,33291,49712,38262,31722
Středočeský kraj,2024,31552,42567,55165,36199,29017,56231,43762,36035,45508,24055,41029,43612,38501,63368,42987,35356,54043,41382,35322
Vysočina,2005,9631,16299,26647,13176,12735,24546,18335,15064,19428,9021,13672,19374,16112,28772,15960,13343,16644,16343,14034
Vysočina,2006,9979,16796,25165,14191,13650,26139,18422,16090,20644,9409,14373,20751,17264,34747,17283,14250,17898,17078,14497
Vysočina,2007,11312,18182,29064,15602,14889,27075,18831,17960,21782,9727,15883,22111,18195,36743,18461,15429,19290,18437,15405
Vysočina,2008,12835,19454,34936,16100,14301,29740,19379,19561,23783,10019,16711,23512,18977,41040,19048,17267,20944,20213,15420
Vysočina,2009,12463,21486,35291,16690,14666,29916,20510,20784,24279,10180,16634,22318,20248,43854,20870,17101,20536,20810,16255
Vysočina,2010,13062,19920,29022,15854,13610,29401,19769,21171,25186,11266,16811,24840,19523,43471,21002,17152,21560,21176,14275
Vysočina,2011,12627,21864,30320,16097,15797,30995,20885,21594,25400,11312,17668,23988,20166,42469,21861,18114,22137,21282,16088
Vysočina,2012,14000,20706,32489,16766,14798,29919,20876,22306,26174,11312,18019,25001,20520,43623,22237,19076,22623,21580,16417
Vysočina,2013,13664,20650,30012,17570,15165,30394,22182,21554,27325,11495,18189,24505,19862,45442,22481,20303,22943,21765,16957
Vysočina,2014,14772,21893,30443,18201,15790,30817,21358,22158,27516,11664,18494,25255,20770,46226,22759,21638,24070,22795,17857
Vysočina,2015,14221,21893,32063,18469,16954,30151,24030,23398,27676,12480,19410,26477,21384,47111,23821,21750,24871,23264,17933
Vysočina,2016,16322,22860,33467,19377,17931,33130,25799,24126,28689,13270,21449,28049,22530,49071,25134,22632,26177,23324,19293
Vysočina,2017,17610,25586,35791,20656,18118,36290,27373,26025,30282,15509,22421,30321,24042,51353,27718,24153,27967,24384,19495
Vysočina,2018,19009,27058,38412,22748,19406,39172,29670,28549,32784,16208,24351,33354,26485,53753,30622,26122,30016,26115,21227
Vysočina,2019,21830,28926,41745,25417,21035,41871,29696,30560,33696,18575,26320,35586,30133,55182,33316,28376,31461,28582,23730
Vysočina,2020,19175,30002,40857,25894,21307,42922,31770,31652,35023,17755,27139,37203,33347,59260,37656,29511,31741,29703,24164
Vysočina,2021,21649,31363,43515,26592,22783,44369,32566,33319,36199,19883,28571,37622,36034,61856,41848,30735,34215,31476,26489
Vysočina,2022,21373,33437,45464,27295,20623,47463,32539,33133,38805,20075,29119,39770,36072,66904,39237,32129,35959,33021,25743
Vysočina,2023,24179,35002,49489,30097,23697,50871,35358,36818,43139,21396,31821,42885,37737,76031,41384,34091,38741,36157,26884
Vysočina,2024,26284,37806,53492,31543,24955,54123,39646,37724,44934,23562,34125,43880,38028,75413,44367,36378,41214,40757,28094
Zlínský kraj,2005,10182,15668,23506,13442,10989,25258,20704,15481,18426,8493,14309,18459,16724,18306,15397,14567,16298,15737,13260
Zlínský kraj,2006,11269,15677,23951,14535,11805,27012,21508,16143,22015,9129,15119,19593,17701,18765,16231,15189,17587,16575,14044
Zlínský kraj,2007,12045,16696,25691,16155,13170,28199,22595,17273,22481,9707,16682,21420,18587,20863,17397,16695,18719,17502,15620
Zlínský kraj,2008,12270,17304,25472,16740,13829,29569,24788,18969,25462,10315,17948,21973,19382,21922,17950,17852,20141,18732,16645
Zlínský kraj,2009,13219,18187,28198,17459,14608,31316,23345,20805,23113,10007,17750,21853,20461,24131,19212,17462,19984,19263,17466
Zlínský kraj,2010,14701,18016,26986,17115,15017,32097,24925,19909,25319,10618,17178,23594,20061,25565,19993,17542,20921,20614,18119
Zlínský kraj,2011,15492,19845,28513,17441,15356,31163,25395,20497,25726,10416,18076,23521,20359,23520,20679,18409,22079,20623,20427
Zlínský kraj,2012,15162,18963,29600,17489,14532,31914,25067,20804,30970,10861,18889,24872,20802,27704,21275,18883,22830,20717,20454
Zlínský kraj,2013,14874,16829,28677,17988,15557,30370,25117,21100,27272,10990,18886,23912,20381,30232,20331,19660,22739,21301,18179
Zlínský kraj,2014,15644,16971,31006,18491,15395,32489,26208,21304,28559,11303,19846,24848,21166,29664,21096,20815,23724,21311,19417
Zlínský kraj,2015,15939,17079,29574,18812,15990,31627,27382,22293,30183,12110,20466,25987,21358,28658,22387,21188,24461,22218,19239
Zlínský kraj,2016,17120,19121,31134,19632,16200,34189,28705,22858,29715,12947,21466,27639,22148,28406,23402,22143,25665,23150,19531
Zlínský kraj,2017,18641,22530,32975,21681,16855,35054,30851,24493,32556,14441,22929,29802,23954,29987,25578,23416,27402,24958,21644
Zlínský kraj,2018,20112,24302,36730,24688,18870,37325,32970,26555,36084,15882,24889,32507,26599,32882,28574,25428,29647,26803,23062
Zlínský kraj,2019,20954,23498,37508,26626,19529,41580,34984,28594,38399,17142,26251,34841,30326,36397,30961,27115,31308,29236,25484
Zlínský kraj,2020,21808,23779,38785,27019,20342,42495,34518,29015,33751,17087,27330,36574,33332,38031,34297,28186,31456,30462,26140
Zlínský kraj,2021,22206,28619,43813,28080,22891,50132,36469,30931,37947,19545,29522,36922,36106,40236,38457,29568,33685,31671,27744
Zlínský kraj,2022,23361,30241,46035,28933,22157,52204,39195,32803,41994,19698,30867,38456,36441,43010,36941,31912,35335,33121,28033
Zlínský kraj,2023,26028,32391,51609,31832,23329,53658,42728,34662,41813,20615,32543,41341,38485,47086,39843,33737,38559,37241,30771
Zlínský kraj,2024,25104,34365,50539,33517,25709,55901,45504,36598,49728,22478,34804,42671,38586,48561,43277,35560,41453,40259,32539
Ústecký kraj,2005,10094,16843,27507,13176,11387,25605,17790,15240,21506,8496,13481,20802,16703,25833,15497,13333,17072,16568,14121
Ústecký kraj,2006,10716,17556,27150,14370,12049,27302,17689,16090,22458,8974,14107,21548,17877,29005,16666,14032,18178,17995,14486
Ústecký kraj,2007,11464,18556,26859,15263,13316,28123,19655,17710,23291,9404,15299,23406,18815,28818,17808,15025,19572,19019,15688
Ústecký kraj,2008,12012,21583,28373,16394,13074,34215,21572,19348,25451,9617,16153,24527,19172,32412,18462,16959,20737,20750,16872
Ústecký kraj,2009,11758,20849,33575,17286,14243,34451,25526,21806,25786,9409,16323,24962,20380,37215,19569,16683,21832,21476,18099
Ústecký kraj,2010,12577,20873,28310,17867,14529,32014,22724,21497,26465,10477,16276,24938,20779,39040,20462,16422,22341,22093,17336
Ústecký kraj,2011,12459,21155,30167,17243,14398,32565,24084,21403,27521,10186,17154,24192,20386,38960,21408,16614,22864,22961,17033
Ústecký kraj,2012,13375,22009,29185,16658,14970,34170,23860,22064,28712,10345,17384,24807,20991,38051,21716,17234,23412,23751,16289
Ústecký kraj,2013,13705,23572,28496,17128,14961,32468,23683,20319,29051,10713,17554,24105,21741,38948,21933,18600,23944,23772,17244
Ústecký kraj,2014,14130,23868,29323,17360,15680,32976,23742,20815,29616,10862,18133,24703,22271,37757,22236,19975,24768,24396,16822
Ústecký kraj,2015,14439,24691,29583,18439,15333,31910,24458,22062,29852,11780,19033,25876,22435,36899,23606,19972,25547,24886,17889
Ústecký kraj,2016,15652,25758,30433,19242,15903,34940,25555,23022,29086,12579,20240,27352,23493,38263,24995,21132,27063,24828,18449
Ústecký kraj,2017,16353,25856,31432,20720,17500,35971,26825,24333,30678,13648,22044,29703,25147,41424,27250,22689,29085,26550,19420
Ústecký kraj,2018,17444,27776,31193,23224,19749,37273,28687,26182,32064,15445,23973,32915,27734,44522,29970,23892,31403,28784,19772
Ústecký kraj,2019,18346,31988,32929,26623,20513,40429,30368,28594,33998,17154,25832,35564,31017,47408,32402,26063,33718,30025,22036
Ústecký kraj,2020,19546,32487,34400,26794,22109,40462,31972,29534,35485,17033,26773,37375,33401,50031,38007,27141,34263,31303,22275
Ústecký kraj,2021,21094,32092,38233,27351,22488,43207,31954,30965,36816,19083,28275,37607,36132,52018,41436,28626,36026,30380,25804
Ústecký kraj,2022,22431,33753,41990,27673,22513,45151,33337,31483,40475,19654,29710,39241,36258,56151,38951,29391,38431,31924,33062
Ústecký kraj,2023,24415,36703,43857,30519,25138,47989,34641,34332,44781,20332,31750,42346,38138,61807,41249,31003,41413,35081,32261
Ústecký kraj,2024,26130,39255,49770,32698,28041,55103,38663,37946,46711,22437,34051,43823,38650,62547,44075,33183,44238,38141,34815
